query,topic
andrew wakefield,andrew wakefield
anti vaccination,vaccine controversies
anti vaccine,vaccine controversies
anti vaccine books,vaccine controversies
anti vaccine bumper sticker,vaccine controversies
anti vaccine shirt,vaccine controversies
autism,mmr vaccine and autism
autism vaccine,mmr vaccine and autism
chicken pox,varicella vaccine
flu,influenza vaccine
flu shot,influenza vaccine
gardasil,hpv vaccine
hepatitis,hepatitis
hepatitis a,hepatitis
hepatitis a vaccine,hepatitis
hepatitis b,hepatitis
hepatitis b vaccine,hepatitis
hepatitis vaccine,hepatitis
hpv,hpv vaccine
hpv vaccine on trial,hpv vaccine
immunization,immunization
immunization book,immunization
immunization record,immunization
immunization record book,immunization
immunization schedule,immunization
influenza vaccine,influenza vaccine
measles,mmr
measles vaccination,mmr
measles vaccine,mmr
mmr,mmr
mmr and autism,mmr vaccine and autism
mmr vaccine,mmr
rabies,mmr
rabies shot,mmr
rabies vaccine,mmr
vaccinate,vaccination
vaccination,vaccination
vaccination book,vaccination
vaccination is not immunization,vaccination
vaccine,vaccination
vaccine controversy,vaccine controversies
vaccine free me,vaccination
vaccine free me book,vaccination
vaccine friendly plan,vaccination
vaccine hpv,hpv vaccine
varicella vaccine,varicella vaccine
wakefield,andrew wakefield
wakefield autism,andrew wakefield
